epoch,train_loss,train_cla_loss,train_reg_loss,test_loss,test_cla_loss,test_reg_loss,test_classification_metrics
0,47.77414233435713,0.8106302401256756,46.96351208402375,48.11348833082807,0.7613762868847445,47.35211198994185,"{'accuracy': 0.24007293354943274, 'precision': 0.1211972522080471, 'recall': 0.7450980392156863, 'f1': 0.2084828022789618, 'pka_atom_accuracy': 0.7450980392156863, 'confusion_matrix': {'tn': 691, 'fp': 3582, 'fn': 169, 'tp': 494}}"
1,13.197487098946253,0.39705787837444356,12.800429257068764,8.907081649235224,0.3414599073680285,8.565621759838612,"{'accuracy': 0.8656807131280388, 'precision': 0, 'recall': 0.0, 'f1': 0, 'pka_atom_accuracy': 0.0, 'confusion_matrix': {'tn': 4273, 'fp': 0, 'fn': 663, 'tp': 0}}"
2,8.339145514771017,0.30355881875454566,8.03558670999811,5.905439548478626,0.1874090211531934,5.718030529406724,"{'accuracy': 0.9195705024311183, 'precision': 0.6894586894586895, 'recall': 0.7300150829562594, 'f1': 0.7091575091575091, 'pka_atom_accuracy': 0.7300150829562594, 'confusion_matrix': {'tn': 4055, 'fp': 218, 'fn': 179, 'tp': 484}}"
3,6.983555015082513,0.2047950967283612,6.778759916367737,6.334926852606217,0.1417718439741055,6.193155020700724,"{'accuracy': 0.9199756888168558, 'precision': 0.6387163561076604, 'recall': 0.9306184012066365, 'f1': 0.7575199508901166, 'pka_atom_accuracy': 0.9306184012066365, 'confusion_matrix': {'tn': 3924, 'fp': 349, 'fn': 46, 'tp': 617}}"
4,6.075627682687833,0.16022222374831446,5.915405471172403,5.314927387114726,0.1240870750630376,5.190840322322545,"{'accuracy': 0.93354943273906, 'precision': 0.6742976066597295, 'recall': 0.9773755656108597, 'f1': 0.7980295566502464, 'pka_atom_accuracy': 0.9773755656108597, 'confusion_matrix': {'tn': 3960, 'fp': 313, 'fn': 15, 'tp': 648}}"
