epoch,train_loss,train_cla_loss,train_reg_loss,test_loss,test_cla_loss,test_reg_loss,rmse_gt,rmse_hit,learning_rate,precision,recall,f1,test_classification_metrics
0,2.8370586460834355,1.9317911255175129,0.9052675188511091,0.7731033340723744,0.4025479526728587,0.3705553808446928,6.300365304195353,6.879252280479076,0.001,0.5678657074340527,0.6477024070021882,0.6051622795808842,"{""accuracy"": 0.8890325360913596, ""precision"": 0.5678657074340527, ""recall"": 0.6477024070021882, ""f1"": 0.6051622795808842, ""pka_atom_accuracy"": 0.6477024070021882, ""rmse_gt"": 6.300365304195353, ""rmse_hit"": 6.879252280479076, ""confusion_matrix"": {""tn"": 11194, ""fp"": 901, ""fn"": 644, ""tp"": 1184}}"
