train_loss,train_cls_loss,train_reg_loss,train_accuracy,test_loss,test_cls_acc,test_reg_mse,test_accuracy,train_f1,test_f1,train_mae,test_mae,test_r2,train_order_loss,test_order_acc
2077.4945678710938,287.2998180650685,1769.284206024588,0.909037293575287,626.24218312095,0.8833333333333333,625.3588497876167,0.8833333333333333,0.48586887743107227,0.5795795795795796,0,19.9724999666214,-448.37306779354714,0.0,0
